Vladimir_Mlynarik.yaml	magnetická rezonancia
Stefan_Benus.yaml	fonetika
Stanislav_Miertus.yaml	výpočtová chémia
Zdenko_Spitalsky.yaml	nanomateriály
Tomas_Trnovec.yaml	toxikológia
Peter_Kruzliak.yaml	kardiológia
Peter_Tomasec.yaml	virológia
Olga_Pechanova.yaml	patofyziológia
Peter_Kopcansky.yaml	fyzika magnetizmu
Miroslav_Urban.yaml	teoretická chémia
Radovan_Herchel.yaml	anorganická chémia
Maria_Bielikova.yaml	umelá inteligencia
Lubos_Danisovic.yaml	tkanivové inžinierstvo
Lubor_Borsig.yaml	onkológia
Marcel_Zamocky.yaml	enzymológia
Michal_Mokry.yaml	kardiológia
Marek_Samec.yaml	onkológia
Martin_Pelikan.yaml	strojové učenie
Lubica_Rauova.yaml	hematológia
Ladislav_Paule.yaml	genetika drevín
Klaudia_Jomova.yaml	toxikológia
MICHAL_ZEMAN.yaml	fyziológia živočíchov
Juraj_Majtan.yaml	imunológia
Lubos_Mitas.yaml	teoretická fyzika
Juraj_Harmatha.yaml	organická chémia
Karol_Ondrias.yaml	biofyzika
Jaromir_Pastorek.yaml	onkológia
Jan_Tkac.yaml	biosenzory
Jan_Vilcek.yaml	imunológia
Ivan_Tkac.yaml	nukleárna magnetická rezonancia
Ivan_Glesk.yaml	optika a fotonika
Andrej_Liptaj.yaml	subjadrová fyzika
Olga_Krizanova.yaml	lekárska chémia a biochémia
Marcel_Franz.yaml	fyzika kondenzovaných látok
Marian_Krajci.yaml	fyzika kondenzovaných látok
Milos_Toth.yaml	nanooptika
MIROSLAV_GRAJCAR.yaml	kvantová fyzika
Dusan_Hesek.yaml	organická chémia
Katarina_Valaskova.yaml	finančný manažment
Pavel_Ciaian.yaml	poľnohospodárska ekonómia
Karol_Flachbart.yaml	fyzika tuhých látok
Jan_Minar.yaml	fyzika tuhých látok
Maria_Kazimirova.yaml	parazitológia
Henrietta_Dulai.yaml	geochémia
Juraj_Svitel.yaml	biosenzory
